{"X": [340.029, 332.384, 341.895, 326.576, 340.018, 393.478], "Y": [191.283, 196.95, 202.686, 193.143, 198.899, 204.668], "Confidence": [0.89213, 0.832228, 0.880584, 0.885208, 0.83002, 0.85972]}