{"X": [313.412, 311.353, 315.242, 298.151, 315.203, 368.634], "Y": [166.455, 172.12, 174.079, 170.274, 173.985, 175.919], "Confidence": [0.865094, 0.890255, 0.925047, 0.891737, 0.924155, 0.897137]}