{"X": [370.475, 361.087, 372.348, 355.279, 368.668, 422.04], "Y": [170.286, 174.014, 176.026, 172.201, 174.129, 177.868], "Confidence": [0.855587, 0.888326, 0.908941, 0.890504, 0.893832, 0.868429]}