{"X": [402.873, 393.459, 402.912, 389.596, 399.192, 448.784], "Y": [179.811, 181.717, 187.41, 177.86, 185.507, 191.246], "Confidence": [0.745872, 0.663052, 0.720091, 0.773274, 0.718314, 0.529173]}