{"X": [330.548, 341.871, 326.681, 330.547, 330.456, 345.814], "Y": [309.508, 309.51, 315.24, 307.599, 311.415, 315.298], "Confidence": [0.730283, 0.744795, 0.744081, 0.719622, 0.762219, 0.694869]}