{"X": [282.776, 275.168, 279.025, 267.467, 279.011, 326.593], "Y": [174.042, 176.025, 176.02, 177.879, 176.053, 179.784], "Confidence": [0.707565, 0.702434, 0.743659, 0.705294, 0.747575, 0.721074]}