{"X": [217.938, 229.385, 202.674, 219.858, 216.013, 223.672], "Y": [296.208, 296.186, 313.337, 294.256, 303.792, 296.116], "Confidence": [0.551603, 0.576086, 0.568088, 0.572293, 0.534469, 0.494452]}