{"X": [44.3727, 71.115, 34.8158, 69.2467, 36.7176, 38.6626], "Y": [248.47, 204.6, 362.9, 216.027, 313.267, 277.049], "Confidence": [0.672827, 0.745574, 0.746891, 0.684906, 0.586088, 0.689993]}