{"X": [177.879, 160.745, 42.4341, 206.51, 93.9572, 221.733], "Y": [118.741, 128.31, 196.978, 53.9331, 118.757, 196.966], "Confidence": [0.608703, 0.143567, 0.665223, 0.326935, 0.457007, 0.658936]}