{"X": [448.726, 450.638, 448.736, 444.95, 446.788, 471.639], "Y": [319.063, 320.934, 317.177, 320.935, 315.243, 340.03], "Confidence": [0.660376, 0.659486, 0.643737, 0.644613, 0.654922, 0.628974]}