{"X": [509.76, 513.623, 519.314, 507.917, 511.683, 511.664], "Y": [483.105, 483.132, 483.125, 483.127, 483.095, 483.119], "Confidence": [0.246494, 0.187214, 0.273032, 0.186321, 0.483285, 0.0930223]}