{"X": [619.26, 647.822, 607.736, 602.096, 604.929, 579.063], "Y": [312.704, 312.72, 310.028, 315.641, 312.728, 315.668], "Confidence": [0.865567, 0.88922, 0.905704, 0.866333, 0.938657, 0.853608]}