{"X": [653.532, 676.461, 653.711, 645.014, 645.06, 627.707], "Y": [307.043, 312.756, 309.794, 312.688, 306.833, 312.812], "Confidence": [0.973131, 0.922312, 0.828849, 0.895005, 0.795846, 0.910174]}