{"X": [696.525, 702.259, 453.112, 455.932, 453.077, 453.08], "Y": [584.805, 581.981, 564.759, 564.803, 564.76, 562.084], "Confidence": [0.889538, 0.864408, 0.836987, 0.81206, 0.832181, 0.84301]}