{"X": [533.294, 536.078, 493.233, 493.199, 493.323, 493.295], "Y": [582.078, 582.111, 538.98, 536.246, 536.225, 536.247], "Confidence": [0.841996, 0.873125, 0.682991, 0.574556, 0.584102, 0.599713]}