{"X": [622.084, 633.508, 656.502, 650.637, 653.648, 645.017], "Y": [378.599, 375.873, 375.807, 352.883, 361.472, 375.613], "Confidence": [0.862296, 0.926616, 0.786959, 0.731246, 0.62366, 0.741351]}