{"X": [607.666, 633.571, 607.834, 602.03, 604.764, 579.176], "Y": [304.201, 304.185, 304.084, 307.091, 306.881, 307.044], "Confidence": [0.958121, 0.915335, 0.429656, 0.362831, 0.346156, 0.176056]}