{"X": [0, 0, 461.647, 464.476, 455.915, 453.059], "Y": [0, 0, 699.593, 699.535, 702.395, 705.165], "Confidence": [0, 0, 0.461623, 0.438939, 0.316926, 0.370612]}