{"X": [0, 0, 424.565, 421.558, 424.574, 421.675], "Y": [0, 0, 702.302, 699.339, 705.241, 705.255], "Confidence": [0, 0, 0.0938935, 0.105755, 0.064566, 0.0734146]}