{"X": [656.579, 656.454, 630.665, 616.36, 624.914, 613.479], "Y": [518.969, 519.088, 544.83, 539.097, 553.342, 550.482], "Confidence": [0.815829, 0.819509, 0.674215, 0.645285, 0.604351, 0.649125]}