{"X": [630.681, 656.517, 622.131, 607.898, 610.685, 585.002], "Y": [304.146, 306.99, 304.185, 309.796, 306.848, 309.771], "Confidence": [0.952038, 0.942782, 0.875726, 0.961622, 0.904027, 0.953958]}