{"X": [533.269, 533.268, 496.157, 496.065, 496.075, 498.948], "Y": [725.277, 725.269, 676.628, 676.565, 676.635, 676.472], "Confidence": [0.0662894, 0.0990251, 0.715282, 0.659459, 0.706479, 0.740671]}