{"X": [0, 533.281, 513.13, 510.431, 510.421, 513.209], "Y": [0, 725.251, 693.628, 690.863, 690.87, 690.789], "Confidence": [0, 0.0628884, 0.673795, 0.611204, 0.637552, 0.70503]}