{"X": [0, 0, 470.32, 473.192, 467.399, 461.72], "Y": [0, 0, 705.233, 702.409, 708.058, 725.253], "Confidence": [0, 0, 0.283846, 0.299993, 0.172864, 0.200801]}