{"X": [567.746, 584.831, 633.584, 653.703, 636.494, 630.618], "Y": [395.74, 378.693, 375.879, 355.695, 372.844, 375.667], "Confidence": [0.801677, 0.917655, 0.652471, 0.601901, 0.543422, 0.659704]}