{"X": [0, 539.091, 476.02, 0, 470.262, 473.174], "Y": [0, 725.29, 653.561, 0, 656.533, 653.697], "Confidence": [0, 0.0508055, 0.0715578, 0, 0.065482, 0.0733389]}