{"X": [539.118, 559.065, 0, 685.087, 673.772, 619.251], "Y": [493.187, 461.711, 0, 398.616, 275.482, 450.313], "Confidence": [0.805475, 0.818714, 0, 0.161242, 0.0617103, 0.0592222]}