{"X": [670.786, 682.307, 679.505, 636.449, 670.699, 653.677], "Y": [367.125, 375.691, 375.652, 349.919, 355.625, 370.007], "Confidence": [0.785379, 0.849106, 0.823952, 0.820204, 0.680593, 0.799248]}