{"X": [659.357, 627.864, 653.568, 656.531, 676.654, 768.251], "Y": [261.089, 447.303, 378.752, 398.56, 261.135, 401.614], "Confidence": [0.611608, 0.873932, 0.854358, 0.753741, 0.747073, 0.830588]}