{"X": [650.769, 538.997, 650.647, 676.625, 696.71, 874.149], "Y": [172.394, 493.283, 266.899, 464.488, 160.94, 430.133], "Confidence": [0.875575, 0.910403, 0.735646, 0.869645, 0.812586, 0.749789]}