{"X": [625.004, 622.084, 622.096, 624.903, 616.382, 607.886], "Y": [519.033, 519.015, 539.001, 536.179, 539.072, 539.13], "Confidence": [0.836507, 0.818145, 0.662342, 0.546808, 0.566135, 0.632642]}