{"X": [584.882, 582.104, 607.79, 627.799, 607.856, 604.992], "Y": [519.061, 516.214, 530.477, 533.329, 530.445, 536.089], "Confidence": [0.826027, 0.846531, 0.593619, 0.39228, 0.465832, 0.508244]}